platform,rating
Blinkit,3.518443544759334
Instamart,3.0305161204723365
Zepto,2.2154577883472055
