platform,0
Blinkit,32.93972109761584
Instamart,45.88032373623457
Zepto,68.3947681331748
